prompt,answer,rank
"Write a joke about artificial intelligence.","Why did the AI go to therapy? It had too many deep learning issues!",1
"Write a joke about artificial intelligence.","What do you call an AI that sings? Artificial harmonies!",2
"Write a joke about artificial intelligence.","I asked an AI to tell me a joke, but it just kept saying 'Processing humor...' Maybe it needs a bit more training.",3
"Write a joke about artificial intelligence.","AI walks into a bar. The bartender asks 'What'll it be?' AI responds 'Whatever has the highest probability of positive customer reviews.'",4
"Summarize the concept of machine learning in three sentences.","Machine learning is a subset of AI that enables systems to learn and improve from experience without explicit programming. It works by analyzing patterns in data and making decisions with minimal human intervention. The core types include supervised learning, unsupervised learning, and reinforcement learning.",1
"Summarize the concept of machine learning in three sentences.","Machine learning allows computers to learn from data. The more data it processes, the better it gets at making predictions. It's used in everything from recommendation systems to self-driving cars.",2
"Summarize the concept of machine learning in three sentences.","Machine learning is when computers learn stuff from examples. They find patterns and make predictions based on data. It's used in many applications today.",3
"Summarize the concept of machine learning in three sentences.","Computers use algorithms to learn from data. Machine learning is a type of artificial intelligence. It can be supervised or unsupervised.",4
"Write a mini-essay about the future of technology.","The future of technology promises to reshape humanity's existence in profound ways. Advances in artificial intelligence will likely automate many current jobs while creating new ones we cannot yet imagine. Biotechnology may extend human lifespans dramatically, while quantum computing could solve problems currently deemed impossible. However, these developments bring ethical challenges regarding privacy, inequality, and the very nature of human identity. As technology becomes increasingly integrated with our bodies and minds through neural interfaces and augmented reality, the line between human and machine may blur. The most successful societies will be those that harness these technologies while establishing ethical frameworks that preserve human dignity and agency. Our greatest challenge will be ensuring that technological progress serves humanity's best interests rather than becoming an end unto itself.",1
"Write a mini-essay about the future of technology.","Technology's future will bring both opportunities and challenges. AI and automation will transform industries, potentially displacing workers but also creating new job categories. Renewable energy technologies will help address climate change, while advances in medicine may cure previously untreatable diseases. However, concerns about privacy, security, and digital divides will persist. As technology becomes more powerful, society must carefully consider how to implement it ethically and equitably. The coming decades will require thoughtful governance and individual responsibility to ensure technology serves humanity's best interests.",2
"Write a mini-essay about the future of technology.","The future of technology will change how we live. Robots and AI will do many jobs, and people will need to learn new skills. Virtual reality will become more common for entertainment and education. Self-driving cars will make transportation safer. Technology will also help solve environmental problems. However, there will be challenges with privacy and security. Overall, technology will continue to advance rapidly in the coming years.",3
"Write a mini-essay about the future of technology.","Technology will continue to advance in the future. Computers will get faster and smaller. Artificial intelligence will become more common in everyday life. The internet will connect more devices. People will use more renewable energy. Healthcare will improve with new medical technologies. Education will use more online tools. Transportation will become more automated. Communication will be faster and easier. These changes will happen over the next few decades.",4
"Explain quantum computing to a 10-year-old.","Imagine you have a magic box that can look at all possible answers to a question at the same time! Regular computers check one answer at a time, like if you were trying to find a toy by looking in one box, then another, then another. But quantum computers are like being able to peek inside all the boxes at once! They use tiny particles that can be in multiple states simultaneously (kind of like how you can feel both happy and nervous before a birthday party). Scientists keep these particles super cold and quiet so they can perform this special magic. While regular computers use bits (like light switches that are either ON or OFF), quantum computers use 'qubits' that can be ON, OFF, or somehow both at the same time! This makes them potentially much faster at solving certain types of really hard problems, like creating new medicines or predicting weather patterns.",1
"Explain quantum computing to a 10-year-old.","Regular computers use bits, which are like light switches that can be either on or off. Quantum computers use something called qubits, which can be on, off, or both at the same time! It's like if you could be in your bedroom and the kitchen simultaneously. This special ability lets quantum computers solve certain problems much faster than regular computers. Scientists are still working on building better quantum computers because they're very tricky to make.",2
"Explain quantum computing to a 10-year-old.","Quantum computers are super powerful computers that work differently than regular ones. Normal computers use bits that are either 1 or 0, like a light switch that's on or off. But quantum computers use qubits that can be 1, 0, or both at the same time! This helps them solve really hard problems much faster. They might help us discover new medicines or understand space better in the future.",3
"Explain quantum computing to a 10-year-old.","Quantum computers are special computers that use quantum physics. They are different from regular computers because they can do multiple calculations at once. They use qubits instead of bits. They are very powerful but also very complicated. Scientists are still working on making them better.",4
"Write a short poem about data science.","Through seas of numbers, patterns emerge,\nSilent stories waiting to be heard.\nAlgorithms dance with probability,\nTransforming chaos to clarity.\n\nIn columns and rows, truth lies concealed,\nBy curious minds, slowly revealed.\nThe art of questions, the science of proof,\nWeaving predictions, wisdom's warp and woof.\n\nFrom data's depths, insights arise,\nIlluminating paths before unseeing eyes.\nThis modern alchemy of information,\nForges the future through transformation.",1
"Write a short poem about data science.","In fields of numbers, patterns bloom,\nInsights hidden, we now exhume.\nModels trained on what has been,\nPredict the paths we've never seen.\n\nAlgorithms sift through endless rows,\nSeeking truths that no one knows.\nData science, art and skill combined,\nRevealing secrets for humankind.",2
"Write a short poem about data science.","Numbers flowing like a stream,\nPatterns waiting to be seen.\nAlgorithms searching deep,\nInsights for us to keep.\n\nData science shows the way,\nGuiding decisions day by day.\nTurning information into gold,\nFuture stories yet untold.",3
"Write a short poem about data science.","Data, data everywhere\nNumbers that tell a tale\nStatistics and algorithms\nHelp us when we fail\n\nBig data growing daily\nMachine learning finds a way\nData science is the future\nIt's here to stay",4